chcouder Christian Couder <chcouder@club-internet.fr>
denis Denis Pershin <dyp@inetlab.com>
dyp Denis Pershin <dyp@inetlab.com>
eikelange Eike Lange <eike.lange@kdemail.net>
eisfuchs Dario Abatianni <eisfuchs@tigress.com>
erbsland Tobias Erbsland <drzoom@profzone.ch>
gismore Matthias Gierlings <gismore@users.sourceforge.net>
givi Omid Givi <omid@givi.nl>
hawkes Ivan Hawkes <linuxgroupie@ivanhawkes.com>
hvarotto Hugo Varotto <hugo@varotto-usa.com>
johnzed John R. Zedlewski <zedlwski@princeton.edu>
jonasno Jonas Nordin <jonas.nordin@cenacle.se>
jorgen Jorgen Olson <jorgen@cenacle.net>
kervel Frank Dekervel <Frank.dekervel@student.kuleuven.ac.Be>
koss Matt Koss <koss@napri.sk>
mcbride Mike McBride <mpmcbride@email.com>
mmeredith Martin Meredith <mez@ubuntu.com>
pascalk Pascal Krahmer <pascal@beast.de>
pdima Dmitry Poplavsky <dima@linuxfan.com>
przylucki Marcin Przylucki <mpibox@gmail.com>
sdmanson Scott Manson <sdmanson@alltel.net>
tanghus Thomas Tanghus Olsen <tanghus@kde.org>
tjmather T.J. Mather <tjmather@tjmather.com>
wynnw Wynn Wilkes <wynnw@calderasystems.com>
yshurik Alexander Yakovlev <yshurik@penguinpowered.com>
